id,user,name,avatar,gender,date_of_birth
1,92d7bbc8-9307-42e6-a102-7b8273a3b7c9,Lisa Terry,http://127.0.0.1:8000/images/avatar/user/avatar6.jpg,FEMALE,1966-02-17T00:00:00+08:00
2,f6cb6a45-be70-46fa-a3bf-cd3aa013a15e,Michael Martinez,http://127.0.0.1:8000/images/avatar/user/avatar1.jpg,MALE,1959-08-24T00:00:00+07:00
3,568db85c-afca-408e-b626-5c1982eea906,Tammy Banks,http://127.0.0.1:8000/images/avatar/user/avatar3.jpg,MALE,1996-07-18T00:00:00+07:00
4,3f307709-b126-4e23-9dfb-bf127b3add05,Anna Johnson,http://127.0.0.1:8000/images/avatar/user/avatar4.jpg,FEMALE,2006-01-24T00:00:00+07:00
5,e26a8b61-84b8-4fae-860c-730fdca70934,Heather Johnson,http://127.0.0.1:8000/images/avatar/user/avatar6.jpg,FEMALE,1960-07-29T00:00:00+08:00
6,baa6cf41-a7f0-4ba3-bf45-d9efe84a1a47,Todd Nelson,http://127.0.0.1:8000/images/avatar/user/avatar6.jpg,FEMALE,2020-11-02T00:00:00+07:00
7,6c128927-e828-47c6-8124-e0e972044a01,Lisa Nichols,http://127.0.0.1:8000/images/avatar/user/avatar5.jpg,MALE,1923-10-16T00:00:00+07:00
8,4ff2085f-867b-437c-a14c-86918c4cef83,Dawn Scott,http://127.0.0.1:8000/images/avatar/user/avatar5.jpg,MALE,1925-05-01T00:00:00+07:00
9,46dc4843-a6b0-4323-9c12-130c6459a52e,Jason Myers,http://127.0.0.1:8000/images/avatar/user/avatar1.jpg,FEMALE,1952-05-26T00:00:00+08:00
10,9ffbbd8d-3255-4f03-a2d5-b416530c99b1,Ronald Merritt,http://127.0.0.1:8000/images/avatar/user/avatar7.jpg,FEMALE,1997-06-27T00:00:00+07:00
11,ccfd0b7d-d0bf-4be0-9b70-6e615489fbc8,Rhonda Perez,http://127.0.0.1:8000/images/avatar/user/avatar3.jpg,MALE,1973-04-05T00:00:00+08:00
12,3e8638d2-6402-4afe-a8fb-3afb4eac01be,Tommy Burch,http://127.0.0.1:8000/images/avatar/user/avatar3.jpg,FEMALE,2008-04-04T00:00:00+07:00
13,3dc0606a-c43a-4e7b-b657-3883fc14c649,Lauren Davis,http://127.0.0.1:8000/images/avatar/user/avatar2.jpg,MALE,2021-07-24T00:00:00+07:00
14,794dc97a-55b0-4bad-a1e4-ee9f575c8a0e,Gloria Schneider,http://127.0.0.1:8000/images/avatar/user/avatar6.jpg,FEMALE,1958-09-19T00:00:00+07:00
15,c61f2081-6b31-482c-94b5-0e19668e5cba,Lawrence Hancock,http://127.0.0.1:8000/images/avatar/user/avatar8.jpg,FEMALE,2020-07-05T00:00:00+07:00
16,2c17eb18-4a72-4f2d-bfb7-1c6aaf89019b,Ronald Allen,http://127.0.0.1:8000/images/avatar/user/avatar6.jpg,MALE,1955-07-09T00:00:00+07:00
17,1b88f3a6-cfdc-4651-a32d-ba647d98cd96,Benjamin Gilmore,http://127.0.0.1:8000/images/avatar/user/avatar4.jpg,FEMALE,1956-03-23T00:00:00+07:00
18,b1c5b644-4f6f-4ce9-b6f9-600c1ff90eda,Jacob Erickson,http://127.0.0.1:8000/images/avatar/user/avatar2.jpg,FEMALE,1993-01-19T00:00:00+07:00
19,cff0e01f-9d51-4d4c-8c65-f9339e336fff,Russell Garrison,http://127.0.0.1:8000/images/avatar/user/avatar2.jpg,MALE,2012-03-06T00:00:00+07:00
20,ee0948e3-45a6-4e29-af5c-b7853609d5bf,Julie Brown,http://127.0.0.1:8000/images/avatar/user/avatar4.jpg,MALE,2004-05-14T00:00:00+07:00
21,d2228c7a-2a1e-4930-92db-a556a1a206ce,Regina Simmons,http://127.0.0.1:8000/images/avatar/user/avatar2.jpg,MALE,1975-04-15T00:00:00+08:00
22,ccb4c34c-412d-48c3-a612-e3cdf7fde790,Jennifer Smith,http://127.0.0.1:8000/images/avatar/user/avatar2.jpg,FEMALE,1981-07-04T00:00:00+07:00
23,24d214db-073d-47fe-aae0-b786dec4f364,Todd Velez,http://127.0.0.1:8000/images/avatar/user/avatar6.jpg,MALE,1976-03-16T00:00:00+07:00
24,f6f22faa-aa33-48c4-b049-65d68a6f411c,Russell Parker,http://127.0.0.1:8000/images/avatar/user/avatar7.jpg,MALE,1989-12-22T00:00:00+07:00
25,8bd7c317-5678-49e7-a371-a38b79c9aa65,Lawrence Burke,http://127.0.0.1:8000/images/avatar/user/avatar2.jpg,MALE,1938-03-17T00:00:00+07:00
26,7bdc8113-9531-4cde-b7e8-8e76884a4a63,Elizabeth Morton,http://127.0.0.1:8000/images/avatar/user/avatar8.jpg,FEMALE,2011-07-30T00:00:00+07:00
27,eec4989e-75fa-4429-a559-1cb1441b5c06,Anthony Clements,http://127.0.0.1:8000/images/avatar/user/avatar7.jpg,MALE,1987-03-19T00:00:00+07:00
28,ff7d9d76-35aa-404f-b3df-b1c843114260,Katherine Haynes,http://127.0.0.1:8000/images/avatar/user/avatar3.jpg,FEMALE,1982-05-31T00:00:00+07:00
29,97904e5c-0f43-41a5-9ec0-8c91ae44e341,Kathy Lewis,http://127.0.0.1:8000/images/avatar/user/avatar2.jpg,FEMALE,1970-04-23T00:00:00+08:00
30,51e8202b-438c-41bc-ba11-eb84e346f25a,Henry Harrell,http://127.0.0.1:8000/images/avatar/user/avatar4.jpg,FEMALE,1923-11-23T00:00:00+07:00
31,6572653f-bb6e-4e1c-b401-297f8221d87a,Joseph Rodriguez,http://127.0.0.1:8000/images/avatar/user/avatar1.jpg,MALE,1986-03-07T00:00:00+07:00
32,adbdca91-5f61-4ab7-9d72-704c3dee7155,Eric Brown,http://127.0.0.1:8000/images/avatar/user/avatar4.jpg,MALE,2011-11-23T00:00:00+07:00
33,34a4371b-a5b9-4b3d-8b43-ba69c8bbd452,Shawn Scott,http://127.0.0.1:8000/images/avatar/user/avatar8.jpg,FEMALE,2000-05-08T00:00:00+07:00
34,fe791ea2-704f-4299-99ae-7933a461b3fb,Jacob Yang,http://127.0.0.1:8000/images/avatar/user/avatar8.jpg,MALE,1957-10-12T00:00:00+07:00
35,8e1379d0-3c96-4432-a831-0a95727e6348,Julie Francis,http://127.0.0.1:8000/images/avatar/user/avatar5.jpg,FEMALE,1949-06-28T00:00:00+08:00
36,de5c6df1-09de-4cdc-b22c-9a636f7ddcde,Mark Nelson DDS,http://127.0.0.1:8000/images/avatar/user/avatar2.jpg,MALE,2012-02-24T00:00:00+07:00
37,c95b26fc-2c48-407a-ad72-77ffb5947b84,Steven Lee,http://127.0.0.1:8000/images/avatar/user/avatar4.jpg,MALE,1945-12-31T00:00:00+07:00
38,05bf1c09-5f9b-4981-965b-4bf506c37c91,Stephanie Brown,http://127.0.0.1:8000/images/avatar/user/avatar8.jpg,FEMALE,1958-02-27T00:00:00+07:00
39,d2a653ca-0fd5-4452-9081-566514b9f97b,Megan White,http://127.0.0.1:8000/images/avatar/user/avatar8.jpg,FEMALE,1992-01-22T00:00:00+07:00
40,704ba734-4136-4d31-b694-2708c487c543,Carolyn Davis,http://127.0.0.1:8000/images/avatar/user/avatar7.jpg,MALE,1919-12-29T00:00:00+07:00
41,0435c0a3-9018-4bd3-a2e2-0372b8da19d3,Charles Cochran,http://127.0.0.1:8000/images/avatar/user/avatar3.jpg,MALE,1917-08-24T00:00:00+07:00
42,0db02bdf-c208-4aed-8900-c005b5b457cb,Norman,http://127.0.0.1:8000/images/avatar/user/avatar1.jpg,MALE,1976-10-09T00:00:00+07:00
43,a29ec6a1-7a9d-485b-8437-b1174597b79f,Luke Johnson,http://127.0.0.1:8000/images/avatar/user/avatar6.jpg,FEMALE,1993-01-07T00:00:00+07:00
44,aa13326a-9101-4217-93e5-ac9fd9c27b02,Sophia Frazier,http://127.0.0.1:8000/images/avatar/user/avatar3.jpg,FEMALE,1969-06-03T00:00:00+08:00
45,32f07888-5cb8-453d-8779-bcbf173ba5a3,Miguel Bennett,http://127.0.0.1:8000/images/avatar/user/avatar3.jpg,MALE,1972-06-30T00:00:00+08:00
46,d1bb4853-18d9-47d6-9ecf-5b01b70b913c,Grant Cordova,http://127.0.0.1:8000/images/avatar/user/avatar1.jpg,FEMALE,2021-03-30T00:00:00+07:00
47,dc9228df-6504-43fe-9b69-526f5d652eb1,Madison Holloway,http://127.0.0.1:8000/images/avatar/user/avatar3.jpg,MALE,1944-11-03T00:00:00+08:00
48,2421ed58-478c-41d3-b10c-e99b2ee72f6e,Pamela King,http://127.0.0.1:8000/images/avatar/user/avatar8.jpg,FEMALE,1936-02-22T00:00:00+07:00
49,b2035dc2-7731-49d7-94ff-14d095a28c81,Timothy York,http://127.0.0.1:8000/images/avatar/user/avatar5.jpg,FEMALE,1941-05-03T00:00:00+07:00
50,f343b490-b254-4a2b-9a9c-22c2e861e49e,Gregory Alvarado,http://127.0.0.1:8000/images/avatar/user/avatar7.jpg,FEMALE,1958-03-22T00:00:00+07:00
51,978678b3-0e69-4c8e-bf64-a52efea7e7bd,Andrew Leon,http://127.0.0.1:8000/images/avatar/user/avatar7.jpg,MALE,1963-10-30T00:00:00+08:00
52,2eb90815-dfc0-43bc-b937-72ee142572d2,James Brown,http://127.0.0.1:8000/images/avatar/user/avatar3.jpg,MALE,1952-06-13T00:00:00+08:00
53,ab3aabde-8b76-45ed-b55f-74bf18478440,Julie Cantu,http://127.0.0.1:8000/images/avatar/user/avatar2.jpg,FEMALE,1946-05-26T00:00:00+07:00
54,df4d4c74-2e6a-4467-840f-2548172be299,Daniel Stewart,http://127.0.0.1:8000/images/avatar/user/avatar7.jpg,MALE,1985-12-16T00:00:00+07:00
55,c8f79160-6967-4072-b6c5-a4d4422c9874,Elizabeth Bennett,http://127.0.0.1:8000/images/avatar/user/avatar5.jpg,MALE,2014-09-06T00:00:00+07:00
56,512c1813-1b59-4b5f-bde1-b945e370578a,Kristen Nguyen,http://127.0.0.1:8000/images/avatar/user/avatar7.jpg,FEMALE,1923-05-15T00:00:00+07:00
57,3ab7380e-9774-4ba3-ba4e-c84730a2d15d,Chris Williamson,http://127.0.0.1:8000/images/avatar/user/avatar5.jpg,MALE,1922-08-26T00:00:00+07:00
58,6939851f-da9a-45cb-abcc-55b440939811,Tina Jackson,http://127.0.0.1:8000/images/avatar/user/avatar3.jpg,FEMALE,2021-12-15T00:00:00+07:00
59,214c2f7f-a269-4ec2-9787-0451b08cd16c,Dylan Rhodes,http://127.0.0.1:8000/images/avatar/user/avatar2.jpg,FEMALE,1974-12-17T00:00:00+08:00
60,4ebce82c-6b19-4080-88fa-b67684faf3e4,Margaret Bryan,http://127.0.0.1:8000/images/avatar/user/avatar7.jpg,MALE,1915-05-05T00:00:00+07:00
61,7a6e8772-f546-4e4d-9af4-d5e31e0f2c29,John Patrick,http://127.0.0.1:8000/images/avatar/user/avatar2.jpg,FEMALE,1991-03-01T00:00:00+07:00
62,3f844b84-1b86-4987-9d79-a3425ac63c83,Miss Kim Herman,http://127.0.0.1:8000/images/avatar/user/avatar1.jpg,MALE,1936-03-15T00:00:00+07:00
63,02a8324c-d9bc-4403-b7fd-47830d5e2be1,Lisa Luna,http://127.0.0.1:8000/images/avatar/user/avatar6.jpg,MALE,1955-05-27T00:00:00+08:00
64,8e208747-0d72-432f-9992-28bd147428f2,Mr. Christopher Graham DVM,http://127.0.0.1:8000/images/avatar/user/avatar5.jpg,FEMALE,1957-08-01T00:00:00+07:00
65,cd212cc3-6cd4-4bbc-afcb-549a5948070b,Frank Jones,http://127.0.0.1:8000/images/avatar/user/avatar8.jpg,MALE,1987-01-23T00:00:00+07:00
66,b3aa4af6-1d9a-4a76-89c3-48b9899364cc,William Cruz,http://127.0.0.1:8000/images/avatar/user/avatar4.jpg,FEMALE,1971-03-12T00:00:00+08:00
67,53563eff-6e73-4b90-81b5-23054488d896,Sarah Smith,http://127.0.0.1:8000/images/avatar/user/avatar2.jpg,FEMALE,1974-09-07T00:00:00+08:00
68,79de5eca-b2a7-4676-a2f4-3747aa751478,Heidi Weiss,http://127.0.0.1:8000/images/avatar/user/avatar8.jpg,FEMALE,2003-09-21T00:00:00+07:00
69,54028626-2172-4fb5-befe-e45b750c6346,Alan Lozano,http://127.0.0.1:8000/images/avatar/user/avatar8.jpg,MALE,1970-05-07T00:00:00+08:00
70,4a0b856e-a143-4e9b-a65a-ddc4882a27c1,Christopher Smith,http://127.0.0.1:8000/images/avatar/user/avatar4.jpg,FEMALE,2017-06-16T00:00:00+07:00
71,1412a34d-993b-4fb3-9094-39a700fcf8e6,Christopher Ortiz,http://127.0.0.1:8000/images/avatar/user/avatar7.jpg,FEMALE,1985-08-04T00:00:00+07:00
72,ee57917f-3f07-4050-aafc-0c246f433f22,Beth Malone,http://127.0.0.1:8000/images/avatar/user/avatar4.jpg,FEMALE,1968-08-13T00:00:00+08:00
73,57a4014f-e43a-4229-ab88-a4c6eccc2f26,Mark Peterson,http://127.0.0.1:8000/images/avatar/user/avatar8.jpg,FEMALE,2001-11-18T00:00:00+07:00
74,3246a402-ba75-4af5-8731-f2c8ff135cd5,Jeffrey Norris,http://127.0.0.1:8000/images/avatar/user/avatar5.jpg,MALE,1910-08-08T00:00:00+07:06:30
75,ba021944-bcf2-452c-8bd3-2778ab7ce049,Steven Brooks,http://127.0.0.1:8000/images/avatar/user/avatar2.jpg,MALE,1998-11-23T00:00:00+07:00
76,99341915-68b5-4816-b684-6c718320719c,Timothy Grant,http://127.0.0.1:8000/images/avatar/user/avatar6.jpg,MALE,1949-12-04T00:00:00+08:00
77,2b0684e7-296f-4488-8c89-16a952e8b65c,Rhonda Weber MD,http://127.0.0.1:8000/images/avatar/user/avatar7.jpg,FEMALE,2016-06-12T00:00:00+07:00
78,5743768c-08da-40f9-bdee-e4583a6f8d45,Arthur Dennis III,http://127.0.0.1:8000/images/avatar/user/avatar8.jpg,FEMALE,1985-09-15T00:00:00+07:00
79,6b456077-e89b-4ba4-84ce-c26d55ba997b,Melinda Davis,http://127.0.0.1:8000/images/avatar/user/avatar4.jpg,FEMALE,1934-07-08T00:00:00+07:00
80,ee87c5db-a043-4511-9702-e86eda049e53,Nicole Lewis,http://127.0.0.1:8000/images/avatar/user/avatar2.jpg,MALE,2020-01-28T00:00:00+07:00
81,17396391-e44f-4217-94f8-c4b749ef2bb0,Melinda Osborn,http://127.0.0.1:8000/images/avatar/user/avatar3.jpg,FEMALE,1996-06-02T00:00:00+07:00
82,22b6fa69-40c6-47e2-a57d-4b61dcdb32f1,Lindsey Crawford,http://127.0.0.1:8000/images/avatar/user/avatar1.jpg,MALE,2011-08-14T00:00:00+07:00
83,dc6132a9-ff20-4af1-8b71-a7ed5b2b51c1,Christopher Moore,http://127.0.0.1:8000/images/avatar/user/avatar6.jpg,MALE,1959-10-24T00:00:00+07:00
84,5fd7a751-0021-414b-999b-b72e27f95e04,Kelly Myers,http://127.0.0.1:8000/images/avatar/user/avatar8.jpg,FEMALE,2017-09-28T00:00:00+07:00
85,cbd62baf-d3ad-478a-b0d0-720352d04cd4,Matthew Whitaker,http://127.0.0.1:8000/images/avatar/user/avatar1.jpg,FEMALE,1929-01-02T00:00:00+07:00
86,353abcf3-d18f-4dfe-a67c-48d3d7902b3e,Jason Brown,http://127.0.0.1:8000/images/avatar/user/avatar6.jpg,FEMALE,1975-08-24T00:00:00+07:00
87,4f0c5507-b4a1-4963-abb7-ec2e8c5e1338,Victor Irwin,http://127.0.0.1:8000/images/avatar/user/avatar7.jpg,MALE,1987-09-13T00:00:00+07:00
88,653c82b6-9a3c-4ea1-bc0e-34a0bd86912d,Zachary Washington,http://127.0.0.1:8000/images/avatar/user/avatar5.jpg,FEMALE,1920-01-21T00:00:00+07:00
89,d8554ea7-cf87-452b-91fb-814e9e3cf4a7,Bianca Shaffer,http://127.0.0.1:8000/images/avatar/user/avatar2.jpg,FEMALE,2023-08-26T00:00:00+07:00
90,4a03afda-ba4f-4bf2-8d1c-c8189534ed6a,Kyle Taylor,http://127.0.0.1:8000/images/avatar/user/avatar7.jpg,FEMALE,1984-06-08T00:00:00+07:00
91,ef525a2c-b41a-47a1-9d85-68e5de172451,Steven Boone,http://127.0.0.1:8000/images/avatar/user/avatar4.jpg,MALE,1926-07-19T00:00:00+07:00
92,b1b536c1-d202-44e7-bdf3-d6ce4ee6d579,Catherine Morris,http://127.0.0.1:8000/images/avatar/user/avatar5.jpg,FEMALE,1923-06-17T00:00:00+07:00
93,3ffaf139-5e46-499e-bdc2-1eb90e5ba1ce,Tony Olson,http://127.0.0.1:8000/images/avatar/user/avatar5.jpg,MALE,2016-12-07T00:00:00+07:00
94,b7f249db-d6f1-4063-923d-6485134fdbbc,Emily Davis,http://127.0.0.1:8000/images/avatar/user/avatar8.jpg,FEMALE,1957-11-30T00:00:00+07:00
95,16a22854-f1a7-45bc-ba02-0be0a3cc1173,Heidi Bentley,http://127.0.0.1:8000/images/avatar/user/avatar6.jpg,FEMALE,1938-01-30T00:00:00+07:00
96,6adcc830-c411-4dd6-8a36-d1ddb9faf2c2,Joseph Evans,http://127.0.0.1:8000/images/avatar/user/avatar8.jpg,MALE,1949-02-01T00:00:00+08:00
97,a487bf0b-9cd5-472c-ace6-8ddb9a66e90b,Christy Wilson,http://127.0.0.1:8000/images/avatar/user/avatar7.jpg,MALE,1928-10-23T00:00:00+07:00
98,656d96fa-3980-4072-a3c1-9ff5b3114bc1,Sara Taylor,http://127.0.0.1:8000/images/avatar/user/avatar3.jpg,FEMALE,1931-04-21T00:00:00+07:00
99,956a7879-1455-4f33-b9a5-a6c6785be78d,Lauren Lara,http://127.0.0.1:8000/images/avatar/user/avatar3.jpg,MALE,1933-05-11T00:00:00+07:00
100,96b83ec0-c651-46f9-86b8-2d0979cabfc3,Benjamin Cameron,http://127.0.0.1:8000/images/avatar/user/avatar8.jpg,FEMALE,1966-07-19T00:00:00+08:00
